transaction_id,kept_order_id,trashed_order_id
4497669,24626,24675
4497669,24626,24724
4497669,24626,24773
4497669,24626,24787
4497669,24626,24836
4497669,24626,24885
4497669,24626,24934
4497669,24626,24983
4497669,24626,25032
4497669,24626,25081
4497669,24626,25089
4497669,24626,25138
4497669,24626,25187
4497669,24626,25236
4497669,24626,25285
4495969,24627,24676
4495969,24627,24725
4495969,24627,24774
4495969,24627,24788
4495969,24627,24837
4495969,24627,24886
4495969,24627,24935
4495969,24627,24984
4495969,24627,25033
4495969,24627,25082
4495969,24627,25090
4495969,24627,25139
4495969,24627,25188
4495969,24627,25237
4495969,24627,25286
4491883,24628,24677
4491883,24628,24726
4491883,24628,24775
4491883,24628,24789
4491883,24628,24838
4491883,24628,24887
4491883,24628,24936
4491883,24628,24985
4491883,24628,25034
4491883,24628,25083
4491883,24628,25091
4491883,24628,25140
4491883,24628,25189
4491883,24628,25238
4491883,24628,25287
4487960,24629,24678
4487960,24629,24727
4487960,24629,24776
4487960,24629,24790
4487960,24629,24839
4487960,24629,24888
4487960,24629,24937
4487960,24629,24986
4487960,24629,25035
4487960,24629,25084
4487960,24629,25092
4487960,24629,25141
4487960,24629,25190
4487960,24629,25239
4487960,24629,25288
4485442,24630,24679
4485442,24630,24728
4485442,24630,24777
4485442,24630,24791
4485442,24630,24840
4485442,24630,24889
4485442,24630,24938
4485442,24630,24987
4485442,24630,25036
4485442,24630,25085
4485442,24630,25093
4485442,24630,25142
4485442,24630,25191
4485442,24630,25240
4485442,24630,25289
4482650,24631,24680
4482650,24631,24729
4482650,24631,24778
4482650,24631,24792
4482650,24631,24841
4482650,24631,24890
4482650,24631,24939
4482650,24631,24988
4482650,24631,25037
4482650,24631,25086
4482650,24631,25094
4482650,24631,25143
4482650,24631,25192
4482650,24631,25241
4482650,24631,25290
4481323,24632,24681
4481323,24632,24730
4481323,24632,24779
4481323,24632,24793
4481323,24632,24842
4481323,24632,24891
4481323,24632,24940
4481323,24632,24989
4481323,24632,25038
4481323,24632,25087
4481323,24632,25095
4481323,24632,25144
4481323,24632,25193
4481323,24632,25242
4481323,24632,25291
4480976,24633,24682
4480976,24633,24731
4480976,24633,24780
4480976,24633,24794
4480976,24633,24843
4480976,24633,24892
4480976,24633,24941
4480976,24633,24990
4480976,24633,25039
4480976,24633,25088
4480976,24633,25096
4480976,24633,25145
4480976,24633,25194
4480976,24633,25243
4480976,24633,25292
4472872,24634,24683
4472872,24634,24732
4472872,24634,24781
4472872,24634,24795
4472872,24634,24844
4472872,24634,24893
4472872,24634,24942
4472872,24634,24991
4472872,24634,25040
4472872,24634,25097
4472872,24634,25146
4472872,24634,25195
4472872,24634,25244
4472872,24634,25293
4469891,24635,24684
4469891,24635,24733
4469891,24635,24782
4469891,24635,24796
4469891,24635,24845
4469891,24635,24894
4469891,24635,24943
4469891,24635,24992
4469891,24635,25041
4469891,24635,25098
4469891,24635,25147
4469891,24635,25196
4469891,24635,25245
4469891,24635,25294
4469776,24636,24685
4469776,24636,24734
4469776,24636,24783
4469776,24636,24797
4469776,24636,24846
4469776,24636,24895
4469776,24636,24944
4469776,24636,24993
4469776,24636,25042
4469776,24636,25099
4469776,24636,25148
4469776,24636,25197
4469776,24636,25246
4469776,24636,25295
4466708,24637,24686
4466708,24637,24735
4466708,24637,24784
4466708,24637,24798
4466708,24637,24847
4466708,24637,24896
4466708,24637,24945
4466708,24637,24994
4466708,24637,25043
4466708,24637,25100
4466708,24637,25149
4466708,24637,25198
4466708,24637,25247
4466708,24637,25296
4466528,24638,24687
4466528,24638,24736
4466528,24638,24785
4466528,24638,24799
4466528,24638,24848
4466528,24638,24897
4466528,24638,24946
4466528,24638,24995
4466528,24638,25044
4466528,24638,25101
4466528,24638,25150
4466528,24638,25199
4466528,24638,25248
4466528,24638,25297
4464477,24639,24688
4464477,24639,24737
4464477,24639,24800
4464477,24639,24849
4464477,24639,24898
4464477,24639,24947
4464477,24639,24996
4464477,24639,25045
4464477,24639,25102
4464477,24639,25151
4464477,24639,25200
4464477,24639,25249
4464477,24639,25298
4462137,24640,24689
4462137,24640,24738
4462137,24640,24801
4462137,24640,24850
4462137,24640,24899
4462137,24640,24948
4462137,24640,24997
4462137,24640,25046
4462137,24640,25103
4462137,24640,25152
4462137,24640,25201
4462137,24640,25250
4462137,24640,25299
4462009,24641,24690
4462009,24641,24739
4462009,24641,24802
4462009,24641,24851
4462009,24641,24900
4462009,24641,24949
4462009,24641,24998
4462009,24641,25047
4462009,24641,25104
4462009,24641,25153
4462009,24641,25202
4462009,24641,25251
4462009,24641,25300
4461674,24642,24691
4461674,24642,24740
4461674,24642,24803
4461674,24642,24852
4461674,24642,24901
4461674,24642,24950
4461674,24642,24999
4461674,24642,25048
4461674,24642,25105
4461674,24642,25154
4461674,24642,25203
4461674,24642,25252
4461674,24642,25301
4459849,24643,24692
4459849,24643,24741
4459849,24643,24804
4459849,24643,24853
4459849,24643,24902
4459849,24643,24951
4459849,24643,25000
4459849,24643,25049
4459849,24643,25106
4459849,24643,25155
4459849,24643,25204
4459849,24643,25253
4459849,24643,25302
4459424,24644,24693
4459424,24644,24742
4459424,24644,24805
4459424,24644,24854
4459424,24644,24903
4459424,24644,24952
4459424,24644,25001
4459424,24644,25050
4459424,24644,25107
4459424,24644,25156
4459424,24644,25205
4459424,24644,25254
4459424,24644,25303
4458393,24646,24695
4458393,24646,24744
4458393,24646,24807
4458393,24646,24856
4458393,24646,24905
4458393,24646,24954
4458393,24646,25003
4458393,24646,25052
4458393,24646,25109
4458393,24646,25158
4458393,24646,25207
4458393,24646,25256
4458393,24646,25305
4458339,24647,24696
4458339,24647,24745
4458339,24647,24808
4458339,24647,24857
4458339,24647,24906
4458339,24647,24955
4458339,24647,25004
4458339,24647,25053
4458339,24647,25110
4458339,24647,25159
4458339,24647,25208
4458339,24647,25257
4458339,24647,25306
4458320,24648,24697
4458320,24648,24746
4458320,24648,24809
4458320,24648,24858
4458320,24648,24907
4458320,24648,24956
4458320,24648,25005
4458320,24648,25054
4458320,24648,25111
4458320,24648,25160
4458320,24648,25209
4458320,24648,25258
4458320,24648,25307
4457916,24649,24698
4457916,24649,24747
4457916,24649,24810
4457916,24649,24859
4457916,24649,24908
4457916,24649,24957
4457916,24649,25006
4457916,24649,25055
4457916,24649,25112
4457916,24649,25161
4457916,24649,25210
4457916,24649,25259
4457916,24649,25308
4455662,24650,24699
4455662,24650,24748
4455662,24650,24811
4455662,24650,24860
4455662,24650,24909
4455662,24650,24958
4455662,24650,25007
4455662,24650,25056
4455662,24650,25113
4455662,24650,25162
4455662,24650,25211
4455662,24650,25260
4455662,24650,25309
4454789,24651,24700
4454789,24651,24749
4454789,24651,24812
4454789,24651,24861
4454789,24651,24910
4454789,24651,24959
4454789,24651,25008
4454789,24651,25057
4454789,24651,25114
4454789,24651,25163
4454789,24651,25212
4454789,24651,25261
4454789,24651,25310
4451938,24652,24701
4451938,24652,24750
4451938,24652,24813
4451938,24652,24862
4451938,24652,24911
4451938,24652,24960
4451938,24652,25009
4451938,24652,25058
4451938,24652,25115
4451938,24652,25164
4451938,24652,25213
4451938,24652,25262
4451938,24652,25311
4458681,24645,24694
4458681,24645,24743
4458681,24645,24806
4458681,24645,24855
4458681,24645,24904
4458681,24645,24953
4458681,24645,25002
4458681,24645,25051
4458681,24645,25108
4458681,24645,25157
4458681,24645,25206
4458681,24645,25255
4458681,24645,25304
4447861,24653,24702
4447861,24653,24751
4447861,24653,24814
4447861,24653,24863
4447861,24653,24912
4447861,24653,24961
4447861,24653,25010
4447861,24653,25059
4447861,24653,25116
4447861,24653,25165
4447861,24653,25214
4447861,24653,25263
4447861,24653,25312
4445060,24655,24704
4445060,24655,24753
4445060,24655,24816
4445060,24655,24865
4445060,24655,24914
4445060,24655,24963
4445060,24655,25012
4445060,24655,25061
4445060,24655,25118
4445060,24655,25167
4445060,24655,25216
4445060,24655,25265
4445060,24655,25314
4445048,24656,24705
4445048,24656,24754
4445048,24656,24817
4445048,24656,24866
4445048,24656,24915
4445048,24656,24964
4445048,24656,25013
4445048,24656,25062
4445048,24656,25119
4445048,24656,25168
4445048,24656,25217
4445048,24656,25266
4445048,24656,25315
4444598,24657,24706
4444598,24657,24755
4444598,24657,24818
4444598,24657,24867
4444598,24657,24916
4444598,24657,24965
4444598,24657,25014
4444598,24657,25063
4444598,24657,25120
4444598,24657,25169
4444598,24657,25218
4444598,24657,25267
4444598,24657,25316
4444494,24658,24707
4444494,24658,24756
4444494,24658,24819
4444494,24658,24868
4444494,24658,24917
4444494,24658,24966
4444494,24658,25015
4444494,24658,25064
4444494,24658,25121
4444494,24658,25170
4444494,24658,25219
4444494,24658,25268
4444494,24658,25317
4444216,24659,24708
4444216,24659,24757
4444216,24659,24820
4444216,24659,24869
4444216,24659,24918
4444216,24659,24967
4444216,24659,25016
4444216,24659,25065
4444216,24659,25122
4444216,24659,25171
4444216,24659,25220
4444216,24659,25269
4444216,24659,25318
4444117,24660,24709
4444117,24660,24758
4444117,24660,24821
4444117,24660,24870
4444117,24660,24919
4444117,24660,24968
4444117,24660,25017
4444117,24660,25066
4444117,24660,25123
4444117,24660,25172
4444117,24660,25221
4444117,24660,25270
4444117,24660,25319
4444082,24661,24710
4444082,24661,24759
4444082,24661,24822
4444082,24661,24871
4444082,24661,24920
4444082,24661,24969
4444082,24661,25018
4444082,24661,25067
4444082,24661,25124
4444082,24661,25173
4444082,24661,25222
4444082,24661,25271
4444082,24661,25320
4443922,24662,24711
4443922,24662,24760
4443922,24662,24823
4443922,24662,24872
4443922,24662,24921
4443922,24662,24970
4443922,24662,25019
4443922,24662,25068
4443922,24662,25125
4443922,24662,25174
4443922,24662,25223
4443922,24662,25272
4443922,24662,25321
4443280,24663,24712
4443280,24663,24761
4443280,24663,24824
4443280,24663,24873
4443280,24663,24922
4443280,24663,24971
4443280,24663,25020
4443280,24663,25069
4443280,24663,25126
4443280,24663,25175
4443280,24663,25224
4443280,24663,25273
4443280,24663,25322
4440545,24665,24714
4440545,24665,24763
4440545,24665,24826
4440545,24665,24875
4440545,24665,24924
4440545,24665,24973
4440545,24665,25022
4440545,24665,25071
4440545,24665,25128
4440545,24665,25177
4440545,24665,25226
4440545,24665,25275
4440545,24665,25324
4439443,24666,24715
4439443,24666,24764
4439443,24666,24827
4439443,24666,24876
4439443,24666,24925
4439443,24666,24974
4439443,24666,25023
4439443,24666,25072
4439443,24666,25129
4439443,24666,25178
4439443,24666,25227
4439443,24666,25276
4439443,24666,25325
4436599,24667,24716
4436599,24667,24765
4436599,24667,24828
4436599,24667,24877
4436599,24667,24926
4436599,24667,24975
4436599,24667,25024
4436599,24667,25073
4436599,24667,25130
4436599,24667,25179
4436599,24667,25228
4436599,24667,25277
4436599,24667,25326
4436578,24668,24717
4436578,24668,24766
4436578,24668,24829
4436578,24668,24878
4436578,24668,24927
4436578,24668,24976
4436578,24668,25025
4436578,24668,25074
4436578,24668,25131
4436578,24668,25180
4436578,24668,25229
4436578,24668,25278
4436578,24668,25327
4440696,24664,24713
4440696,24664,24762
4440696,24664,24825
4440696,24664,24874
4440696,24664,24923
4440696,24664,24972
4440696,24664,25021
4440696,24664,25070
4440696,24664,25127
4440696,24664,25176
4440696,24664,25225
4440696,24664,25274
4440696,24664,25323
4436046,24669,24718
4436046,24669,24767
4436046,24669,24830
4436046,24669,24879
4436046,24669,24928
4436046,24669,24977
4436046,24669,25026
4436046,24669,25075
4436046,24669,25132
4436046,24669,25181
4436046,24669,25230
4436046,24669,25279
4436046,24669,25328
4432621,24670,24719
4432621,24670,24768
4432621,24670,24831
4432621,24670,24880
4432621,24670,24929
4432621,24670,24978
4432621,24670,25027
4432621,24670,25076
4432621,24670,25133
4432621,24670,25182
4432621,24670,25231
4432621,24670,25280
4432621,24670,25329
4432418,24671,24720
4432418,24671,24769
4432418,24671,24832
4432418,24671,24881
4432418,24671,24930
4432418,24671,24979
4432418,24671,25028
4432418,24671,25077
4432418,24671,25134
4432418,24671,25183
4432418,24671,25232
4432418,24671,25281
4432418,24671,25330
4431739,24672,24721
4431739,24672,24770
4431739,24672,24833
4431739,24672,24882
4431739,24672,24931
4431739,24672,24980
4431739,24672,25029
4431739,24672,25078
4431739,24672,25135
4431739,24672,25184
4431739,24672,25233
4431739,24672,25282
4431739,24672,25331
4430079,24673,24722
4430079,24673,24771
4430079,24673,24834
4430079,24673,24883
4430079,24673,24932
4430079,24673,24981
4430079,24673,25030
4430079,24673,25079
4430079,24673,25136
4430079,24673,25185
4430079,24673,25234
4430079,24673,25283
4430079,24673,25332
4426598,24674,24723
4426598,24674,24772
4426598,24674,24835
4426598,24674,24884
4426598,24674,24933
4426598,24674,24982
4426598,24674,25031
4426598,24674,25080
4426598,24674,25137
4426598,24674,25186
4426598,24674,25235
4426598,24674,25284
4426598,24674,25333
4445673,24654,24703
4445673,24654,24752
4445673,24654,24815
4445673,24654,24864
4445673,24654,24913
4445673,24654,24962
4445673,24654,25011
4445673,24654,25060
4445673,24654,25117
4445673,24654,25166
4445673,24654,25215
4445673,24654,25264
4445673,24654,25313
